Degree,Avg_Salary_K
P,115.98130841121495
M,105.63492063492063
na,94.70365535248042
